{"datas": [["0", "0", "2", "0.0588235294118"], ["0", "2", "0", "0.0588235294118"], ["0", "3", "2", "0.117647058824"], ["1", "3", "2", "0.0588235294118"], ["2", "0", "1", "0.0588235294118"], ["2", "2", "0", "0.0588235294118"], ["2", "3", "2", "0.0588235294118"], ["3", "0", "1", "0.176470588235"], ["3", "1", "3", "0.0588235294118"], ["3", "2", "3", "0.0588235294118"], ["3", "3", "1", "0.0588235294118"], ["3", "3", "3", "0.176470588235"]], "metadatas": {"dimension": 3, "E": 12, "maxDim0": "3", "N": ["4", "4", "4"]}}