{"datas": [["0", "0", "2", "0.0277777777778"], ["0", "2", "0", "0.0833333333333"], ["0", "2", "1", "0.0555555555556"], ["0", "2", "2", "0.0833333333333"], ["0", "3", "1", "0.0555555555556"], ["0", "3", "2", "0.0277777777778"], ["1", "0", "0", "0.0277777777778"], ["1", "0", "1", "0.0555555555556"], ["1", "0", "2", "0.0555555555556"], ["1", "1", "0", "0.0833333333333"], ["1", "1", "1", "0.0555555555556"], ["1", "2", "0", "0.0833333333333"], ["1", "3", "2", "0.0833333333333"], ["2", "0", "2", "0.0833333333333"], ["2", "1", "1", "0.0555555555556"], ["2", "3", "1", "0.0833333333333"]], "metadatas": {"dimension": 3, "E": 16, "maxDim0": "2", "N": ["3", "4", "3"]}}