{"datas": [["0", "2", "0.153846153846"], ["0", "3", "0.153846153846"], ["1", "1", "0.153846153846"], ["2", "0", "0.153846153846"], ["2", "1", "0.153846153846"], ["4", "0", "0.0769230769231"], ["4", "2", "0.153846153846"]], "metadatas": {"dimension": 2, "E": 7, "maxDim0": "4", "N": ["5", "5"]}}