{"final":{"E":22, "Ew":49, "Rsize":3, "lambda":2.34375, "info":62.9125419550041, "loss":-54.2342899090286, "dkl":8.67825204597545, "ldkl":0.415094963933775, "penalty":3, "cost":3.41509496393377},
"R":{
"0":{"geometry":[[0,1,2,3],[3,6,7]], "weight" : 21.2, "info" : 23.3612414758041, "loss" : -17.4058330098392, "dkl" : 5.95540846596487, "size" : 12, "non zero" : 10},
"1":{"geometry":[[0,1,4],[0,1,2]], "weight" : 15.8, "info" : 15.5513004792, "loss" : -12.8284568991894, "dkl" : 2.72284358001058, "size" : 9, "non zero" : 9},
"2":{"geometry":[[6],[2,3,4]], "weight" : 12, "info" : 24, "loss" : -24, "dkl" : 0, "size" : 3, "non zero" : 3}
}}
