{"final":{"E":22, "Ew":49, "Rsize":4, "lambda":18.75, "info":62.9125419550041, "loss":-62.5425934813257, "dkl":0.36994847367841, "ldkl":0.141561915948371, "penalty":4, "cost":4.14156191594837},
"R":{
"0":{"geometry":[[0,1],[0,1,2,3]], "weight" : 10, "info" : 3.45646806907, "loss" : -3.21928094887362, "dkl" : 0.237187120196372, "size" : 8, "non zero" : 8},
"1":{"geometry":[[6],[2,3,4]], "weight" : 12, "info" : 24, "loss" : -24, "dkl" : 0, "size" : 3, "non zero" : 3},
"2":{"geometry":[[4],[0,1,2]], "weight" : 9, "info" : 14.2646625064904, "loss" : -14.2646625064904, "dkl" : 0, "size" : 3, "non zero" : 3},
"3":{"geometry":[[0,1,2,3],[6,7]], "weight" : 18, "info" : 21.1914113794437, "loss" : -21.0586500259616, "dkl" : 0.132761353482039, "size" : 8, "non zero" : 8}
}}
