{"final":{"E":22, "Ew":49, "Rsize":3, "lambda":3.125, "info":62.9125419550041, "loss":-57.6549852676878, "dkl":5.25755668731628, "ldkl":0.335303360160477, "penalty":3, "cost":3.33530336016048},
"R":{
"0":{"geometry":[[0,1,4],[0,1,2,3]], "weight" : 19, "info" : 17.7211305755604, "loss" : -12.5963352417262, "dkl" : 5.12479533383424, "size" : 12, "non zero" : 11},
"1":{"geometry":[[6],[2,3,4]], "weight" : 12, "info" : 24, "loss" : -24, "dkl" : 0, "size" : 3, "non zero" : 3},
"2":{"geometry":[[0,1,2,3],[6,7]], "weight" : 18, "info" : 21.1914113794437, "loss" : -21.0586500259616, "dkl" : 0.132761353482039, "size" : 8, "non zero" : 8}
}}
