{"final":{"E":22, "Ew":49, "Rsize":1, "lambda":0, "info":62.9125419550041, "loss":-10.897228645486, "dkl":52.0153133095181, "ldkl":0, "penalty":1, "cost":1},
"R":{
"0":{"geometry":[[0,1,2,3,4,6],[0,1,2,3,4,6,7]], "weight" : 49, "info" : 62.9125419550041, "loss" : -10.897228645486, "dkl" : 52.0153133095181, "size" : 42, "non zero" : 22}
}}
