{"final":{"E":22, "Ew":49, "Rsize":2, "lambda":2.34375, "info":62.9125419550041, "loss":-40.6589647064465, "dkl":22.2535772485575, "ldkl":1.06442493216952, "penalty":2, "cost":3.06442493216952},
"R":{
"0":{"geometry":[[0,1,2,3],[6,7]], "weight" : 18, "info" : 21.1914113794437, "loss" : -21.0586500259616, "dkl" : 0.132761353482039, "size" : 8, "non zero" : 8},
"1":{"geometry":[[0,1,4,6],[0,1,2,3,4]], "weight" : 31, "info" : 41.7211305755604, "loss" : -19.6003146804849, "dkl" : 22.1208158950755, "size" : 20, "non zero" : 14}
}}
